Campaign,Ad group,Keyword,Match type,Final URL
EU Search - Low Voltage Kits - EN,Caster Battery Enclosure,lifepo4 battery enclosure,Exact,https://www.jkesstech.com/products/battery-kit
EU Search - Low Voltage Kits - EN,Caster Battery Enclosure,lifepo4 battery enclosure kit,Phrase,https://www.jkesstech.com/products/battery-kit
EU Search - Low Voltage Kits - EN,Caster Battery Enclosure,48v battery enclosure,Exact,https://www.jkesstech.com/products/battery-kit
EU Search - Low Voltage Kits - EN,Caster Battery Enclosure,51.2v battery box,Phrase,https://www.jkesstech.com/products/battery-kit
EU Search - Low Voltage Kits - EN,Caster Battery Enclosure,15kwh battery enclosure,Phrase,https://www.jkesstech.com/products/battery-kit
EU Search - Low Voltage Kits - EN,Caster Battery Enclosure,16kwh battery enclosure,Phrase,https://www.jkesstech.com/products/battery-kit
EU Search - Low Voltage Kits - EN,Caster Battery Enclosure,battery box with wheels,Phrase,https://www.jkesstech.com/products/battery-kit
EU Search - Low Voltage Kits - EN,Caster Battery Enclosure,battery enclosure with casters,Phrase,https://www.jkesstech.com/products/battery-kit
EU Search - Low Voltage Kits - EN,6U Rack Battery Enclosure,6u battery enclosure,Exact,https://www.jkesstech.com/products/6u-battery-kit
EU Search - Low Voltage Kits - EN,6U Rack Battery Enclosure,6u battery kit,Phrase,https://www.jkesstech.com/products/6u-battery-kit
EU Search - Low Voltage Kits - EN,6U Rack Battery Enclosure,rack battery enclosure,Phrase,https://www.jkesstech.com/products/6u-battery-kit
EU Search - Low Voltage Kits - EN,6U Rack Battery Enclosure,19 inch battery enclosure,Phrase,https://www.jkesstech.com/products/6u-battery-kit
EU Search - Low Voltage Kits - EN,6U Rack Battery Enclosure,51.2v rack battery enclosure,Phrase,https://www.jkesstech.com/products/6u-battery-kit
EU Search - Low Voltage Kits - EN,6U Rack Battery Enclosure,15kwh rack battery enclosure,Phrase,https://www.jkesstech.com/products/6u-battery-kit
EU Search - Low Voltage Kits - EN,48V LiFePO4 Enclosure,48v lifepo4 battery enclosure,Phrase,https://www.jkesstech.com/battery-enclosures
EU Search - Low Voltage Kits - EN,48V LiFePO4 Enclosure,51.2v lifepo4 battery box,Phrase,https://www.jkesstech.com/battery-enclosures
EU Search - Low Voltage Kits - EN,48V LiFePO4 Enclosure,lifepo4 battery box kit,Phrase,https://www.jkesstech.com/battery-enclosures
EU Search - High Voltage BMS - EN,High Voltage BMS,high voltage bms,Exact,https://www.jkesstech.com/products/high-voltage-kit
EU Search - High Voltage BMS - EN,High Voltage BMS,high voltage bms system,Phrase,https://www.jkesstech.com/products/high-voltage-kit
EU Search - High Voltage BMS - EN,High Voltage BMS,high voltage bms for ess,Phrase,https://www.jkesstech.com/high-voltage-bms-for-ess
EU Search - High Voltage BMS - EN,High Voltage BMS,energy storage bms,Phrase,https://www.jkesstech.com/high-voltage-bms-for-ess
EU Search - High Voltage BMS - EN,High Voltage BMS,hv bms,Exact,https://www.jkesstech.com/products/high-voltage-kit
EU Search - High Voltage BMS - EN,BCU and BMU,bcu bmu,Exact,https://www.jkesstech.com/high-voltage-bms-for-ess
EU Search - High Voltage BMS - EN,BCU and BMU,bcu battery control unit,Phrase,https://www.jkesstech.com/high-voltage-bms-for-ess
EU Search - High Voltage BMS - EN,BCU and BMU,bmu battery monitoring unit,Phrase,https://www.jkesstech.com/high-voltage-bms-for-ess
EU Search - High Voltage BMS - EN,BCU and BMU,high voltage bcu,Phrase,https://www.jkesstech.com/high-voltage-bms-for-ess
EU Search - High Voltage BMS - EN,BCU and BMU,high voltage bmu,Phrase,https://www.jkesstech.com/high-voltage-bms-for-ess
EU Search - High Voltage BMS - EN,100A and 200A BMS,100a high voltage bms,Phrase,https://www.jkesstech.com/high-voltage-bms/100a
EU Search - High Voltage BMS - EN,100A and 200A BMS,100a bcu,Phrase,https://www.jkesstech.com/high-voltage-bms/100a
EU Search - High Voltage BMS - EN,100A and 200A BMS,200a high voltage bms,Phrase,https://www.jkesstech.com/high-voltage-bms/200a
EU Search - High Voltage BMS - EN,100A and 200A BMS,200a bcu,Phrase,https://www.jkesstech.com/high-voltage-bms/200a
