Campaign,Ad group,Final URL,Path 1,Path 2,Headlines,Descriptions
EU Search - Low Voltage Kits - EN,Caster Battery Enclosure,https://www.jkesstech.com/products/battery-kit,battery-kit,with-casters,JKESS LiFePO4 Battery Kit|51.2V Battery Enclosure|Caster Battery Box Kit|For 280Ah-320Ah LFP Cells|15kWh-16kWh Kit Support|Enclosure Only From $300|LCD + BMS Option Available|EU Standard Shipping Included|Battery Cells Not Included|Official JKESS Store,Build a movable 51.2V LiFePO4 battery using compatible 280Ah-320Ah cells.|Choose enclosure only or the package with LCD and BMS. Cells are sold separately.|EU standard shipping is included for eligible addresses. Confirm inverter compatibility.|Order online or request a written quote for bulk reseller or project quantities.
EU Search - Low Voltage Kits - EN,Caster Battery Enclosure,https://www.jkesstech.com/products/battery-kit,lifepo4,enclosure,Heavy-Duty Caster Design|CAN & RS485 BMS Option|1-Year Hardware Warranty|Movable 51.2V Battery Box|15kWh Battery Kit Hardware|16kWh Enclosure Option|Shop JKESS Battery Kits|Request Compatibility Review|Enclosure + LCD + BMS|Battery Enclosure From $300,Compare a heavy-duty caster enclosure with optional LCD and BMS hardware.|Designed for 15kWh or 16kWh assemblies after compatible cells are installed.|Check your inverter CAN or RS485 requirements with JKESS before ordering.|Cells inverter installation and commissioning are not included with this enclosure kit.
EU Search - Low Voltage Kits - EN,6U Rack Battery Enclosure,https://www.jkesstech.com/products/6u-battery-kit,6u-kit,rack-box,JKESS 6U Battery Kit|19-Inch Rack Enclosure|51.2V LiFePO4 Rack Kit|Supports 15kWh Assembly|Enclosure Only From $280|LCD + BMS Package $380|For Standard 19-Inch Racks|EU Standard Shipping Included|Battery Cells Not Included|Official JKESS Store,Build a 51.2V rack battery module with a 6U enclosure and compatible LFP cells.|Choose enclosure only or the package with 4.3-inch LCD and BMS hardware.|Fits standard 19-inch racks. External rack cabinet and battery cells are not included.|Order online or request a quote for bulk multi-site or reseller requirements.
EU Search - Low Voltage Kits - EN,6U Rack Battery Enclosure,https://www.jkesstech.com/products/6u-battery-kit,6u-rack,lifepo4,CAN & RS485 BMS Option|Modular Rack Battery Design|1-Year Hardware Warranty|15kWh Rack Enclosure Kit|6U LiFePO4 Battery Box|Shop JKESS 6U Kits|Request Compatibility Review|Optional LCD & BMS Hardware|51.2V Rack Battery Hardware|EU Delivery Support,Plan a modular 19-inch rack battery assembly for solar telecom or backup power.|Confirm cell plan inverter protocol breaker cabling and rack layout before purchase.|The supported 15kWh value applies after compatible LiFePO4 cells are installed.|JKESS can review quantities packaging delivery and documentation for project orders.
EU Search - Low Voltage Kits - EN,48V LiFePO4 Enclosure,https://www.jkesstech.com/battery-enclosures,48v-box,lifepo4,48V LiFePO4 Enclosures|51.2V Battery Box Options|Caster & 6U Rack Designs|For 280Ah-320Ah LFP Cells|15kWh-16kWh Hardware|Enclosure Options From $280|Optional LCD & BMS|EU Standard Shipping Included|Compare JKESS Battery Kits|Battery Cells Not Included,Compare caster and 6U rack enclosures for 51.2V LiFePO4 battery assembly projects.|Choose enclosure hardware from $280 or options with compatible LCD and BMS.|Cells inverter external protection installation and commissioning are not included.|Review dimensions cell plan inverter communication and delivery before ordering.
EU Search - Low Voltage Kits - EN,48V LiFePO4 Enclosure,https://www.jkesstech.com/battery-enclosures,battery-box,eu-shipping,LiFePO4 Battery Box Kits|Low-Voltage Battery Hardware|19-Inch & Caster Options|CAN & RS485 BMS Options|EU Delivery Support|Shop JKESS Enclosures|Request A Written Quote|For Solar Storage Assembly|1-Year Hardware Warranty|Official JKESS Store,Find enclosure hardware for home backup solar storage and small commercial projects.|Select the product page that matches a movable caster or standard 19-inch rack design.|Ask JKESS to review compatibility if your project has a specific inverter or protocol.|Bulk reseller multi-site and special delivery orders can use the written quote form.
EU Search - High Voltage BMS - EN,High Voltage BMS,https://www.jkesstech.com/products/high-voltage-kit,high-voltage,bms,JKESS High Voltage BMS|BCU & BMU Control Hardware|100A & 200A Options|For Commercial ESS Projects|CAN RS485 isoSPI Support|2A Active Balancing BMU|1500V Detection BCU|From $390 Per Control Box|Request Project Review|Official JKESS Store,Select a 100A or 200A BCU master or BMU slave control box for energy storage.|Supports CAN RS485 and isoSPI architectures. Confirm PCS EMS and pack design first.|Pricing applies to one selected control box. Cells modules racks PCS and EMS excluded.|Send voltage current pack count and protocol requirements for configuration review.
EU Search - High Voltage BMS - EN,High Voltage BMS,https://www.jkesstech.com/products/high-voltage-kit,hv-bms,ess-control,High Voltage ESS BMS Kit|BCU Master Control Box|BMU Slave Control Box|LFP NMC LMO LTO Support|PCS & EMS Integration Review|100A BCU From $1020|200A BCU From $1180|BMU Options From $390|Shop JKESS HV BMS|Technical Selection Support,Configure high-voltage BMS control hardware for commercial and industrial ESS racks.|Compare 100A and 200A master and slave options before placing an online order.|Share your system diagram voltage range current and communication topology for review.|Complete battery packs PCS EMS racks and installation are outside the listed box price.
EU Search - High Voltage BMS - EN,BCU and BMU,https://www.jkesstech.com/high-voltage-bms-for-ess,bcu-bmu,ess,BCU & BMU For Energy Storage|Battery Control Unit Hardware|Battery Monitoring Unit|High Voltage BMS Architecture|2A Active Balancing|CAN RS485 isoSPI|For LFP & NMC Systems|PCS EMS Communication Review|JKESS Technical Support|Request Configuration Review,Plan BCU master and BMU slave coordination for a high-voltage battery architecture.|Review rack count module layout voltage range current class and communication topology.|JKESS supports technical selection for compatible PCS EMS CAN RS485 and isoSPI designs.|Request a project review before ordering individual control boxes for your ESS.
EU Search - High Voltage BMS - EN,BCU and BMU,https://www.jkesstech.com/high-voltage-bms-for-ess,battery,bcu-bmu,BCU Master & BMU Slave|HV Battery Control Hardware|16-Cell BMU Monitoring|1500V BCU Detection|Active Balancing BMU|Commercial ESS BMS Design|100A & 200A Hardware|Send Your Pack Diagram|Official JKESS Website|High Voltage BMS Support,Choose the correct number of BCU and BMU boxes from the full battery rack design.|BMU hardware supports cell monitoring temperature inputs and active balancing features.|BCU hardware supports total voltage current insulation and system communication functions.|Cells modules contactors cabling PCS EMS and system engineering are separately scoped.
EU Search - High Voltage BMS - EN,100A and 200A BMS,https://www.jkesstech.com/compare/100a-vs-200a-high-voltage-bms,100a-200a,hv-bms,100A vs 200A High Voltage BMS|Compare BCU Current Options|100A Master Box $1020|200A Master Box $1180|100A Slave Box $390|200A Slave Box $420|High Voltage ESS Hardware|Confirm PCS & EMS Design|Request Technical Review|Official JKESS Store,Compare 100A and 200A BCU and BMU control-box options for high-voltage ESS.|Current selection depends on pack voltage PCS power duty cycle thermal and cable design.|Each price applies to one selected master or slave control box not a complete system.|Send the electrical design and protocol requirements to JKESS before final selection.
EU Search - High Voltage BMS - EN,100A and 200A BMS,https://www.jkesstech.com/products/high-voltage-kit,100a-200a,bcu,Choose 100A Or 200A BCU|HV BMS Control Box Options|BCU & BMU Available Online|For Commercial Battery Racks|CAN & RS485 Communication|isoSPI Slave Daisy Chain|LFP NMC LMO LTO Systems|Shop JKESS High Voltage Kit|Project Selection Support|One Box Per Ordered Unit,Order an individual 100A or 200A master or slave control box for your HV project.|Confirm current voltage rack count contactors protocol PCS and EMS compatibility first.|The web price excludes cells modules racks cables PCS EMS installation and commissioning.|Use the quote form for multiple boxes custom documentation or project delivery review.
